INSERT INTO user (id, email) VALUES (1, 'test@email.com');
INSERT INTO user (id, email, name) VALUES (2, 'EFBOwVmyNi@email.com', 'Doctor Jenkins');
INSERT INTO user (id, email, name) VALUES (3, 'YqsKaoh81F@email.com', 'Candace Schimmel');
INSERT INTO user (id, email, name) VALUES (4, 'ENUzw8BdTl@email.com', 'Gabriella Zieme');
INSERT INTO user (id, email, name) VALUES (5, '5gQBfsYPXr@email.com', 'Ian Kiehn');
INSERT INTO user (id, email, name) VALUES (6, 'J0ODE7AnfV@email.com', 'Forest Gibson');
INSERT INTO user (id, email, name) VALUES (7, 'mkPVVLeKdm@email.com', 'Humphrey Dietrich');
INSERT INTO user (id, email, name) VALUES (8, 'j6RyMJcwJk@email.com', 'Ninnie Schneider');
INSERT INTO user (id, email, name) VALUES (9, '16JOC0C7ms@email.com', 'Mahalia Weissnat');
INSERT INTO user (id, email, name) VALUES (10, 'jNpyP8bVkj@email.com', 'Carlyn Conn');
INSERT INTO user (id, email, name) VALUES (11, 'QmASHupMnk@email.com', 'Percy Dickens');
INSERT INTO training (id, name, week, userId) VALUES (2, 'CfhuBgFSFF', 9, 2);
INSERT INTO training (id, name, week, userId) VALUES (3, '2K8NpCgTtQ', 9, 2);
INSERT INTO training (id, name, week, userId) VALUES (4, 'TF5NEyo5Zo', 9, 2);
INSERT INTO training (id, name, week, userId) VALUES (5, 'bX7UmaMY9b', 9, 2);
INSERT INTO training (id, name, week, userId) VALUES (6, 'sq5iDN7LdZ', 9, 2);
INSERT INTO exercise (id, name, userId, trainingId) VALUES (1, '9qXYlduiHJ', 2, 2);
INSERT INTO exercise (id, name, userId, trainingId) VALUES (2, 'brXDIZPmQ4', 2, 2);
INSERT INTO exercise (id, name, userId, trainingId) VALUES (3, '2OHnY12rWy', 2, 2);
INSERT INTO exercise (id, name, userId, trainingId) VALUES (4, 'G2tb3dYcZg', 2, 2);
INSERT INTO exercise (id, name, userId, trainingId) VALUES (5, 'd0KgCvOr3U', 2, 2);
INSERT INTO exercise (id, name, userId, trainingId) VALUES (6, '900W66sHjb', 2, 3);
INSERT INTO exercise (id, name, userId, trainingId) VALUES (7, 'ZvoIjrlQuh', 2, 3);
INSERT INTO exercise (id, name, userId, trainingId) VALUES (8, 'g3Az0kj1Oi', 2, 3);
INSERT INTO exercise (id, name, userId, trainingId) VALUES (9, 'bZ3zAPcEFl', 2, 3);
INSERT INTO exercise (id, name, userId, trainingId) VALUES (10, 'Po7TBfTJdF', 2, 3);
INSERT INTO exercise (id, name, userId, trainingId) VALUES (11, 'Zy8E4dHhLn', 2, 4);
INSERT INTO exercise (id, name, userId, trainingId) VALUES (12, 'mE4ALxg3NV', 2, 4);
INSERT INTO exercise (id, name, userId, trainingId) VALUES (13, 'IQtsC7kht8', 2, 4);
INSERT INTO exercise (id, name, userId, trainingId) VALUES (14, 'MEdnssasfw', 2, 4);
INSERT INTO exercise (id, name, userId, trainingId) VALUES (15, 'ygFnoeLKXA', 2, 4);
INSERT INTO exercise (id, name, userId, trainingId) VALUES (16, 'fSCHrggXZM', 2, 5);
INSERT INTO exercise (id, name, userId, trainingId) VALUES (17, 'Ucm6VeB9kU', 2, 5);
INSERT INTO exercise (id, name, userId, trainingId) VALUES (18, '7pXycYLlrz', 2, 5);
INSERT INTO exercise (id, name, userId, trainingId) VALUES (19, '6uusYt5dhX', 2, 5);
INSERT INTO exercise (id, name, userId, trainingId) VALUES (20, 'ekxIBTjVoP', 2, 5);
INSERT INTO exercise (id, name, userId, trainingId) VALUES (21, 'uRd1PLjUBV', 2, 6);
INSERT INTO exercise (id, name, userId, trainingId) VALUES (22, 'TGR5n3oFCz', 2, 6);
INSERT INTO exercise (id, name, userId, trainingId) VALUES (23, 'OE8vVPmVGQ', 2, 6);
INSERT INTO exercise (id, name, userId, trainingId) VALUES (24, 'CCn4D7L7Ii', 2, 6);
INSERT INTO exercise (id, name, userId, trainingId) VALUES (25, 'bX5nCzygOf', 2, 6);
INSERT INTO training (id, name, week, userId) VALUES (1, 'hm2VDIJrYD', 9, 1);
INSERT INTO training (id, name, week, userId) VALUES (8, 'eO2vdRZRsq', 9, 1);
INSERT INTO training (id, name, week, userId) VALUES (9, 'XTYc2mX1qy', 9, 1);
INSERT INTO training (id, name, week, userId) VALUES (10, 'kMCw2ZpZoC', 9, 1);
INSERT INTO training (id, name, week, userId) VALUES (11, '7gjSXmvOEL', 9, 1);
INSERT INTO exercise (id, name, userId, trainingId) VALUES (26, 'tZwVQw7ud2', 1, 1);
INSERT INTO exercise (id, name, userId, trainingId) VALUES (27, 'JJh0SddKW9', 1, 1);
INSERT INTO exercise (id, name, userId, trainingId) VALUES (28, 'MNiB1GBp0i', 1, 1);
INSERT INTO exercise (id, name, userId, trainingId) VALUES (29, '3dazsQMwTn', 1, 1);
INSERT INTO exercise (id, name, userId, trainingId) VALUES (30, 'n33QIVK4my', 1, 1);
INSERT INTO exercise (id, name, userId, trainingId) VALUES (31, 'iq5QvYbufb', 1, 8);
INSERT INTO training (id, name, week, userId) VALUES (7, '8ZV7k9938U', 9, 3);
INSERT INTO training (id, name, week, userId) VALUES (12, 'v5Jz6IFRAA', 9, 3);
INSERT INTO training (id, name, week, userId) VALUES (13, 'oau0tfWTQI', 9, 3);
INSERT INTO training (id, name, week, userId) VALUES (14, '2L96w4RSvO', 9, 3);
INSERT INTO training (id, name, week, userId) VALUES (15, 'toUedLklh3', 9, 3);
INSERT INTO exercise (id, name, userId, trainingId) VALUES (33, 'SprZbLGBSx', 3, 7);
INSERT INTO exercise (id, name, userId, trainingId) VALUES (34, 'fkjmtiM3gD', 3, 7);
INSERT INTO exercise (id, name, userId, trainingId) VALUES (35, 'O6uH3JxH49', 3, 7);
INSERT INTO exercise (id, name, userId, trainingId) VALUES (36, 'FZ99IYCbBI', 3, 7);
INSERT INTO exercise (id, name, userId, trainingId) VALUES (37, 'hWWSVIFl3J', 3, 7);
INSERT INTO exercise (id, name, userId, trainingId) VALUES (38, 'XQ2DhgW2y1', 3, 12);
INSERT INTO exercise (id, name, userId, trainingId) VALUES (39, 'hHwML9zkup', 3, 12);
INSERT INTO exercise (id, name, userId, trainingId) VALUES (40, 'qTjq63YMmh', 3, 12);
INSERT INTO exercise (id, name, userId, trainingId) VALUES (41, 'RMm98xqgHX', 3, 12);
INSERT INTO exercise (id, name, userId, trainingId) VALUES (42, 'rlxJttYJ6V', 3, 12);
INSERT INTO exercise (id, name, userId, trainingId) VALUES (43, 'q2LjvRJ4xp', 3, 13);
INSERT INTO exercise (id, name, userId, trainingId) VALUES (44, 'XwarvlkH4l', 3, 13);
INSERT INTO exercise (id, name, userId, trainingId) VALUES (45, '2CQrOYyWqn', 3, 13);
INSERT INTO exercise (id, name, userId, trainingId) VALUES (46, 'prRInNVFjh', 3, 13);
INSERT INTO exercise (id, name, userId, trainingId) VALUES (47, 'L0zeyjdlU0', 3, 13);
INSERT INTO exercise (id, name, userId, trainingId) VALUES (48, '6W7eNpUHfT', 3, 14);
INSERT INTO exercise (id, name, userId, trainingId) VALUES (32, 'fIgstWujFr', 1, 8);
INSERT INTO exercise (id, name, userId, trainingId) VALUES (49, 'BNDkBBnrqa', 3, 14);
INSERT INTO exercise (id, name, userId, trainingId) VALUES (50, 'GdcKFvOEOB', 1, 8);
INSERT INTO exercise (id, name, userId, trainingId) VALUES (51, 'gCuk4KlQJ8', 3, 14);
INSERT INTO exercise (id, name, userId, trainingId) VALUES (52, 'DWt0F9TLlJ', 1, 8);
INSERT INTO exercise (id, name, userId, trainingId) VALUES (53, 'z2MaLCkMUT', 3, 14);
INSERT INTO exercise (id, name, userId, trainingId) VALUES (54, 'daieQcg94r', 1, 8);
INSERT INTO exercise (id, name, userId, trainingId) VALUES (55, 'J6IzrWb1KA', 3, 14);
INSERT INTO exercise (id, name, userId, trainingId) VALUES (56, 'yAgQ4EddYa', 1, 9);
INSERT INTO exercise (id, name, userId, trainingId) VALUES (57, 't0YKoQXNuJ', 1, 9);
INSERT INTO exercise (id, name, userId, trainingId) VALUES (58, 'N1xsifXm2D', 1, 9);
INSERT INTO exercise (id, name, userId, trainingId) VALUES (59, 'vVq8CaTl6J', 1, 9);
INSERT INTO exercise (id, name, userId, trainingId) VALUES (60, 'MnYmpMRGq4', 1, 9);
INSERT INTO exercise (id, name, userId, trainingId) VALUES (61, '1tfIHEaulN', 1, 10);
INSERT INTO exercise (id, name, userId, trainingId) VALUES (62, 'wgHnWcb0V4', 1, 10);
INSERT INTO exercise (id, name, userId, trainingId) VALUES (63, 'BIUVgAwnWI', 1, 10);
INSERT INTO exercise (id, name, userId, trainingId) VALUES (64, 'G1DquZRwxi', 1, 10);
INSERT INTO exercise (id, name, userId, trainingId) VALUES (65, 'G2otrPWO8e', 1, 10);
INSERT INTO exercise (id, name, userId, trainingId) VALUES (66, 'oiw7qdiKXW', 1, 11);
INSERT INTO exercise (id, name, userId, trainingId) VALUES (67, 'MOsflPSVQe', 1, 11);
INSERT INTO exercise (id, name, userId, trainingId) VALUES (68, 'UJxFplZ4v6', 1, 11);
INSERT INTO exercise (id, name, userId, trainingId) VALUES (69, 'p79iEZ3Bym', 1, 11);
INSERT INTO exercise (id, name, userId, trainingId) VALUES (70, 'Ct5Qa54XSg', 1, 11);
INSERT INTO training (id, name, week, userId) VALUES (16, '4sjSMqKubX', 9, 11);
INSERT INTO training (id, name, week, userId) VALUES (17, 'skUsm2rj1D', 9, 11);
INSERT INTO training (id, name, week, userId) VALUES (18, 'iYqx4gG30s', 9, 11);
INSERT INTO training (id, name, week, userId) VALUES (19, '19eMngr8VW', 9, 11);
INSERT INTO training (id, name, week, userId) VALUES (20, 'JzL0t5hYCr', 9, 11);
INSERT INTO exercise (id, name, userId, trainingId) VALUES (72, 'gCnotV0pYi', 11, 16);
INSERT INTO exercise (id, name, userId, trainingId) VALUES (73, 'cgvGT8faSp', 11, 16);
INSERT INTO exercise (id, name, userId, trainingId) VALUES (74, 'IC3Cj7dY4r', 11, 16);
INSERT INTO exercise (id, name, userId, trainingId) VALUES (75, 'TjqT6xM0jw', 11, 16);
INSERT INTO exercise (id, name, userId, trainingId) VALUES (76, 'uqiV2w44wu', 11, 16);
INSERT INTO exercise (id, name, userId, trainingId) VALUES (77, 'B5y2pbHpQz', 11, 17);
INSERT INTO exercise (id, name, userId, trainingId) VALUES (78, 'CjcBNSfcrw', 11, 17);
INSERT INTO exercise (id, name, userId, trainingId) VALUES (79, '9dA45uNc2I', 11, 17);
INSERT INTO exercise (id, name, userId, trainingId) VALUES (80, 'CtSNWi9Mvj', 11, 17);
INSERT INTO exercise (id, name, userId, trainingId) VALUES (81, 'qSRAo9XsQa', 11, 17);
INSERT INTO exercise (id, name, userId, trainingId) VALUES (82, 'xCaBpD9inb', 11, 18);
INSERT INTO exercise (id, name, userId, trainingId) VALUES (71, '528TDzv9Es', 3, 15);
INSERT INTO exercise (id, name, userId, trainingId) VALUES (83, '3Ivxv5sRok', 11, 18);
INSERT INTO exercise (id, name, userId, trainingId) VALUES (85, 'k5YY31hriN', 11, 18);
INSERT INTO exercise (id, name, userId, trainingId) VALUES (84, 'PZ1xgCQCRx', 3, 15);
INSERT INTO exercise (id, name, userId, trainingId) VALUES (86, '9Du9xyflxt', 11, 18);
INSERT INTO exercise (id, name, userId, trainingId) VALUES (87, 'Czcf1i3uXV', 3, 15);
INSERT INTO exercise (id, name, userId, trainingId) VALUES (88, 'FzyI5WVA2e', 11, 18);
INSERT INTO exercise (id, name, userId, trainingId) VALUES (89, 'yY3DW2Fdne', 3, 15);
INSERT INTO exercise (id, name, userId, trainingId) VALUES (91, 'j05tzReNAI', 3, 15);
INSERT INTO training (id, name, week, userId) VALUES (21, 'dzzwjC026P', 9, 4);
INSERT INTO training (id, name, week, userId) VALUES (22, 'GaC9IzQivM', 9, 4);
INSERT INTO training (id, name, week, userId) VALUES (23, '83UJ46Pu0I', 9, 4);
INSERT INTO training (id, name, week, userId) VALUES (24, 'x5gxgc0UAk', 9, 4);
INSERT INTO training (id, name, week, userId) VALUES (25, 's0tXP1WEqL', 9, 4);
INSERT INTO exercise (id, name, userId, trainingId) VALUES (92, 'DIWLegOzg4', 4, 21);
INSERT INTO exercise (id, name, userId, trainingId) VALUES (93, 'vE7dJY2zJA', 4, 21);
INSERT INTO exercise (id, name, userId, trainingId) VALUES (94, 'XgvF71GLFq', 4, 21);
INSERT INTO exercise (id, name, userId, trainingId) VALUES (95, 'B0yPLqW2Vb', 4, 21);
INSERT INTO exercise (id, name, userId, trainingId) VALUES (96, 'dv5a5pdgKG', 4, 21);
INSERT INTO exercise (id, name, userId, trainingId) VALUES (97, 'JvNxmL9990', 4, 22);
INSERT INTO exercise (id, name, userId, trainingId) VALUES (98, 'IHSOY9WJLG', 4, 22);
INSERT INTO exercise (id, name, userId, trainingId) VALUES (99, 'vgDIAQ7Mdk', 4, 22);
INSERT INTO exercise (id, name, userId, trainingId) VALUES (100, '0yNEenvQlf', 4, 22);
INSERT INTO exercise (id, name, userId, trainingId) VALUES (101, 'wTpFR1621g', 4, 22);
INSERT INTO exercise (id, name, userId, trainingId) VALUES (102, 'ApB8mBdupM', 4, 23);
INSERT INTO exercise (id, name, userId, trainingId) VALUES (103, 'yXhUfHTVbE', 4, 23);
INSERT INTO exercise (id, name, userId, trainingId) VALUES (104, '45qe5ocQFP', 4, 23);
INSERT INTO exercise (id, name, userId, trainingId) VALUES (105, 'lPqeH5jm4j', 4, 23);
INSERT INTO exercise (id, name, userId, trainingId) VALUES (106, 'rgNzmuyR1X', 4, 23);
INSERT INTO exercise (id, name, userId, trainingId) VALUES (107, 'ia16DmDhnz', 4, 24);
INSERT INTO exercise (id, name, userId, trainingId) VALUES (108, '8CDy3YeKpC', 4, 24);
INSERT INTO exercise (id, name, userId, trainingId) VALUES (109, 'wwFfliSAfq', 4, 24);
INSERT INTO exercise (id, name, userId, trainingId) VALUES (110, 'aAbjyikLZ9', 4, 24);
INSERT INTO exercise (id, name, userId, trainingId) VALUES (111, '1ryPFHcrzx', 4, 24);
INSERT INTO exercise (id, name, userId, trainingId) VALUES (112, 'dVAe1ZkkjF', 4, 25);
INSERT INTO exercise (id, name, userId, trainingId) VALUES (113, 'VqncYgEOTL', 4, 25);
INSERT INTO exercise (id, name, userId, trainingId) VALUES (114, 'iymffuWsXc', 4, 25);
INSERT INTO exercise (id, name, userId, trainingId) VALUES (115, 'moOvXUjxJj', 4, 25);
INSERT INTO exercise (id, name, userId, trainingId) VALUES (116, 'N2whHN9LQB', 4, 25);
INSERT INTO training (id, name, week, userId) VALUES (26, 'cW4Ju3ilUR', 9, 5);
INSERT INTO training (id, name, week, userId) VALUES (27, 'QZboM51m3f', 9, 5);
INSERT INTO training (id, name, week, userId) VALUES (28, 'mBL4DWQCMK', 9, 5);
INSERT INTO training (id, name, week, userId) VALUES (29, 'AaNFz57MMC', 9, 5);
INSERT INTO training (id, name, week, userId) VALUES (30, 'b3hYY45ccY', 9, 5);
INSERT INTO exercise (id, name, userId, trainingId) VALUES (117, '4ds3eZ9rRD', 5, 26);
INSERT INTO exercise (id, name, userId, trainingId) VALUES (118, 'RopsQklGHy', 5, 26);
INSERT INTO exercise (id, name, userId, trainingId) VALUES (119, 'NAAdKEkaUg', 5, 26);
INSERT INTO exercise (id, name, userId, trainingId) VALUES (120, 'prBIWUHo13', 5, 26);
INSERT INTO exercise (id, name, userId, trainingId) VALUES (121, 'cPOBCIZEVL', 5, 26);
INSERT INTO exercise (id, name, userId, trainingId) VALUES (122, 'bGCA076FHc', 5, 27);
INSERT INTO exercise (id, name, userId, trainingId) VALUES (123, 'cKwBlkEPA2', 5, 27);
INSERT INTO exercise (id, name, userId, trainingId) VALUES (124, 'GWVmo6lgD2', 5, 27);
INSERT INTO exercise (id, name, userId, trainingId) VALUES (125, 'fmojbac4l5', 5, 27);
INSERT INTO exercise (id, name, userId, trainingId) VALUES (126, 'xK5S3Komxl', 5, 27);
INSERT INTO exercise (id, name, userId, trainingId) VALUES (127, 'DWu5NgMbM4', 5, 28);
INSERT INTO exercise (id, name, userId, trainingId) VALUES (128, 'hr1fl5KGmk', 5, 28);
INSERT INTO exercise (id, name, userId, trainingId) VALUES (129, 'Pi61oP1vPT', 5, 28);
INSERT INTO exercise (id, name, userId, trainingId) VALUES (130, 'TmQXLDC4tW', 5, 28);
INSERT INTO exercise (id, name, userId, trainingId) VALUES (131, 'gLq0rmzrtm', 5, 28);
INSERT INTO exercise (id, name, userId, trainingId) VALUES (132, '1N2V2AQIXp', 5, 29);
INSERT INTO exercise (id, name, userId, trainingId) VALUES (133, 'PzJxFR9FIb', 5, 29);
INSERT INTO exercise (id, name, userId, trainingId) VALUES (134, 'ZOGCY1KDY5', 5, 29);
INSERT INTO exercise (id, name, userId, trainingId) VALUES (135, 'lZE3x0xMdV', 5, 29);
INSERT INTO exercise (id, name, userId, trainingId) VALUES (136, '6UPnxW9bxu', 5, 29);
INSERT INTO exercise (id, name, userId, trainingId) VALUES (137, '6Y0CzkaXB2', 5, 30);
INSERT INTO exercise (id, name, userId, trainingId) VALUES (138, 'zXLzZUZuTu', 5, 30);
INSERT INTO exercise (id, name, userId, trainingId) VALUES (139, 'XQHTzCcSji', 5, 30);
INSERT INTO exercise (id, name, userId, trainingId) VALUES (140, 'ocM81sZuv2', 5, 30);
INSERT INTO exercise (id, name, userId, trainingId) VALUES (141, 'JLI8DmRyh4', 5, 30);
INSERT INTO training (id, name, week, userId) VALUES (31, 'Hk0SLUb58t', 9, 6);
INSERT INTO training (id, name, week, userId) VALUES (32, 'fW6vZd95EN', 9, 6);
INSERT INTO exercise (id, name, userId, trainingId) VALUES (90, 'WpqAJdHlTQ', 11, 19);
INSERT INTO exercise (id, name, userId, trainingId) VALUES (142, 'egMlfUNQeZ', 11, 19);
INSERT INTO exercise (id, name, userId, trainingId) VALUES (143, 'IE3uZdZPAf', 11, 19);
INSERT INTO exercise (id, name, userId, trainingId) VALUES (144, 'PuVFvGAiyp', 11, 19);
INSERT INTO exercise (id, name, userId, trainingId) VALUES (145, 'akm0uryyMb', 11, 19);
INSERT INTO exercise (id, name, userId, trainingId) VALUES (146, '5m9FNsNeCZ', 11, 20);
INSERT INTO exercise (id, name, userId, trainingId) VALUES (147, 'zZ5T5D9chl', 11, 20);
INSERT INTO exercise (id, name, userId, trainingId) VALUES (148, 'OdaTbsZ049', 11, 20);
INSERT INTO exercise (id, name, userId, trainingId) VALUES (149, 'Wa8ZZKFGFD', 11, 20);
INSERT INTO exercise (id, name, userId, trainingId) VALUES (150, 'L8RUtdbtc4', 11, 20);
INSERT INTO training (id, name, week, userId) VALUES (34, 'CwkQq9zaRO', 9, 10);
INSERT INTO training (id, name, week, userId) VALUES (35, 'XceG92g3hn', 9, 10);
INSERT INTO training (id, name, week, userId) VALUES (36, 'J95fBjNm3A', 9, 10);
INSERT INTO training (id, name, week, userId) VALUES (37, 'RmZp4eCQBV', 9, 10);
INSERT INTO training (id, name, week, userId) VALUES (38, 'NTDn5gs8xX', 9, 10);
INSERT INTO exercise (id, name, userId, trainingId) VALUES (151, 'pB8o7mP0qu', 10, 34);
INSERT INTO exercise (id, name, userId, trainingId) VALUES (152, 'm9ufEk27Zn', 10, 34);
INSERT INTO exercise (id, name, userId, trainingId) VALUES (153, '5ntjJfoGaW', 10, 34);
INSERT INTO exercise (id, name, userId, trainingId) VALUES (154, 'TAuLxpEyR8', 10, 34);
INSERT INTO exercise (id, name, userId, trainingId) VALUES (155, 'woDsSzCZY1', 10, 34);
INSERT INTO exercise (id, name, userId, trainingId) VALUES (156, 'FqJdBUt41q', 10, 35);
INSERT INTO exercise (id, name, userId, trainingId) VALUES (157, '8xWdhFUwyO', 10, 35);
INSERT INTO exercise (id, name, userId, trainingId) VALUES (158, 'TxDEJnPa2a', 10, 35);
INSERT INTO exercise (id, name, userId, trainingId) VALUES (159, '7mtB5l33Qd', 10, 35);
INSERT INTO exercise (id, name, userId, trainingId) VALUES (160, 'PZ7Viitf6x', 10, 35);
INSERT INTO exercise (id, name, userId, trainingId) VALUES (161, 'FCKEygWtRy', 10, 36);
INSERT INTO exercise (id, name, userId, trainingId) VALUES (162, 'ozCzhUIpLQ', 10, 36);
INSERT INTO exercise (id, name, userId, trainingId) VALUES (163, 'sAbnw94z6P', 10, 36);
INSERT INTO exercise (id, name, userId, trainingId) VALUES (164, 'M6Pzswgvpi', 10, 36);
INSERT INTO exercise (id, name, userId, trainingId) VALUES (165, '7bfBbAXMYa', 10, 36);
INSERT INTO exercise (id, name, userId, trainingId) VALUES (166, 'lNntk0xL4y', 10, 37);
INSERT INTO exercise (id, name, userId, trainingId) VALUES (167, 'tnSUQrRxx1', 10, 37);
INSERT INTO exercise (id, name, userId, trainingId) VALUES (168, 'JcloXx9Pv8', 10, 37);
INSERT INTO exercise (id, name, userId, trainingId) VALUES (169, 'y4yQ1q2gX7', 10, 37);
INSERT INTO exercise (id, name, userId, trainingId) VALUES (170, 'Y9sDjHSy4Q', 10, 37);
INSERT INTO exercise (id, name, userId, trainingId) VALUES (171, '9xy3UTgrJr', 10, 38);
INSERT INTO exercise (id, name, userId, trainingId) VALUES (172, 'ZKMLFUvRK5', 10, 38);
INSERT INTO exercise (id, name, userId, trainingId) VALUES (173, 'RFVtIN6uJK', 10, 38);
INSERT INTO exercise (id, name, userId, trainingId) VALUES (174, 'qloD0COVZN', 10, 38);
INSERT INTO exercise (id, name, userId, trainingId) VALUES (175, 'aOuScwDywb', 10, 38);
INSERT INTO training (id, name, week, userId) VALUES (39, 'yK3q2TiGCb', 9, 9);
INSERT INTO training (id, name, week, userId) VALUES (40, '4PkOOxSdsH', 9, 9);
INSERT INTO training (id, name, week, userId) VALUES (41, 'QvZCTzlcbC', 9, 9);
INSERT INTO training (id, name, week, userId) VALUES (33, 'c34stW236y', 9, 6);
INSERT INTO training (id, name, week, userId) VALUES (43, 'Xb4BfQbBhg', 9, 6);
INSERT INTO training (id, name, week, userId) VALUES (44, 'jmOWQv2a0f', 9, 6);
INSERT INTO exercise (id, name, userId, trainingId) VALUES (176, '0zPXCZ3MNt', 6, 31);
INSERT INTO exercise (id, name, userId, trainingId) VALUES (177, 'LGLPzIra4o', 6, 31);
INSERT INTO exercise (id, name, userId, trainingId) VALUES (178, '0A2DioErKe', 6, 31);
INSERT INTO exercise (id, name, userId, trainingId) VALUES (179, 'ELUv3XfXyF', 6, 31);
INSERT INTO exercise (id, name, userId, trainingId) VALUES (180, 'ljfU543LKI', 6, 31);
INSERT INTO exercise (id, name, userId, trainingId) VALUES (181, 'LhKZ6Q5A4b', 6, 32);
INSERT INTO exercise (id, name, userId, trainingId) VALUES (182, 'F70wQVC9yz', 6, 32);
INSERT INTO exercise (id, name, userId, trainingId) VALUES (183, 'nRAi7ZpEV0', 6, 32);
INSERT INTO exercise (id, name, userId, trainingId) VALUES (184, 'cejC2fjf8m', 6, 32);
INSERT INTO exercise (id, name, userId, trainingId) VALUES (185, 'PATMjS68BL', 6, 32);
INSERT INTO exercise (id, name, userId, trainingId) VALUES (186, 'vCsoD1M5Yc', 6, 33);
INSERT INTO exercise (id, name, userId, trainingId) VALUES (187, 'EHsRfGUIgp', 6, 33);
INSERT INTO exercise (id, name, userId, trainingId) VALUES (188, 'dducxyFBdC', 6, 33);
INSERT INTO exercise (id, name, userId, trainingId) VALUES (189, 'MLD8dqpK0V', 6, 33);
INSERT INTO exercise (id, name, userId, trainingId) VALUES (190, 'fklKqS4Cmd', 6, 33);
INSERT INTO exercise (id, name, userId, trainingId) VALUES (191, 'OWhlbQZF9r', 6, 43);
INSERT INTO exercise (id, name, userId, trainingId) VALUES (192, 'CxNX4P3xwl', 6, 43);
INSERT INTO exercise (id, name, userId, trainingId) VALUES (193, 'CANHVKwd3n', 6, 43);
INSERT INTO exercise (id, name, userId, trainingId) VALUES (194, 'QxlGmFfIme', 6, 43);
INSERT INTO exercise (id, name, userId, trainingId) VALUES (195, 'AiTMHDkzkJ', 6, 43);
INSERT INTO exercise (id, name, userId, trainingId) VALUES (196, '0had56N2Av', 6, 44);
INSERT INTO exercise (id, name, userId, trainingId) VALUES (197, 'Rz2pGki3Mf', 6, 44);
INSERT INTO exercise (id, name, userId, trainingId) VALUES (198, 'sv4Fa8LaVG', 6, 44);
INSERT INTO exercise (id, name, userId, trainingId) VALUES (199, 'YZe0C0rFaD', 6, 44);
INSERT INTO exercise (id, name, userId, trainingId) VALUES (200, 'wCx0zgvnxV', 6, 44);
INSERT INTO training (id, name, week, userId) VALUES (45, 'WVjwwD0gAv', 9, 7);
INSERT INTO training (id, name, week, userId) VALUES (46, 'DnOO8Ut8hR', 9, 7);
INSERT INTO training (id, name, week, userId) VALUES (47, 'Se4peYDwn2', 9, 7);
INSERT INTO training (id, name, week, userId) VALUES (48, 'fz8JyqnpXD', 9, 7);
INSERT INTO training (id, name, week, userId) VALUES (49, '6z8U63I1SQ', 9, 7);
INSERT INTO exercise (id, name, userId, trainingId) VALUES (201, 'QBE9bkkaKZ', 7, 45);
INSERT INTO exercise (id, name, userId, trainingId) VALUES (202, 'h4ZXmLphMe', 7, 45);
INSERT INTO exercise (id, name, userId, trainingId) VALUES (203, 'HR9SyQ8dJy', 7, 45);
INSERT INTO exercise (id, name, userId, trainingId) VALUES (204, 'uJbHlEs9WV', 7, 45);
INSERT INTO exercise (id, name, userId, trainingId) VALUES (205, '6FC7JBViov', 7, 45);
INSERT INTO exercise (id, name, userId, trainingId) VALUES (206, 'GgPsuPamHz', 7, 46);
INSERT INTO exercise (id, name, userId, trainingId) VALUES (207, 'mQG8hfRzX2', 7, 46);
INSERT INTO exercise (id, name, userId, trainingId) VALUES (208, '8WgWDDW89M', 7, 46);
INSERT INTO exercise (id, name, userId, trainingId) VALUES (209, '6Mab8ASOC8', 7, 46);
INSERT INTO exercise (id, name, userId, trainingId) VALUES (210, 'cpKBXlXwSB', 7, 46);
INSERT INTO exercise (id, name, userId, trainingId) VALUES (211, 'fAnJwjvNo8', 7, 47);
INSERT INTO exercise (id, name, userId, trainingId) VALUES (212, 'HyCaXlvz72', 7, 47);
INSERT INTO exercise (id, name, userId, trainingId) VALUES (213, 'KDLpB5YQlF', 7, 47);
INSERT INTO exercise (id, name, userId, trainingId) VALUES (214, 'UEW7RK0mYe', 7, 47);
INSERT INTO exercise (id, name, userId, trainingId) VALUES (215, 'CX1R32NvVc', 7, 47);
INSERT INTO exercise (id, name, userId, trainingId) VALUES (216, '8Rv3mA4rJN', 7, 48);
INSERT INTO exercise (id, name, userId, trainingId) VALUES (217, 'YYbwzTyOn6', 7, 48);
INSERT INTO exercise (id, name, userId, trainingId) VALUES (218, 'DHqXbJxOog', 7, 48);
INSERT INTO exercise (id, name, userId, trainingId) VALUES (219, 'Sn4sUXHwJW', 7, 48);
INSERT INTO exercise (id, name, userId, trainingId) VALUES (220, 'E9WGloH1BH', 7, 48);
INSERT INTO exercise (id, name, userId, trainingId) VALUES (221, 'Njz53S0rPw', 7, 49);
INSERT INTO exercise (id, name, userId, trainingId) VALUES (222, 'kcXQl68df7', 7, 49);
INSERT INTO exercise (id, name, userId, trainingId) VALUES (223, 'yd7jJrFCtT', 7, 49);
INSERT INTO training (id, name, week, userId) VALUES (42, 'NHEdpFNJn7', 9, 9);
INSERT INTO exercise (id, name, userId, trainingId) VALUES (224, 'euIcfWxlUo', 7, 49);
INSERT INTO exercise (id, name, userId, trainingId) VALUES (225, 'tQcQh51t0P', 7, 49);
INSERT INTO training (id, name, week, userId) VALUES (50, '9ZI6YY63G8', 9, 9);
INSERT INTO exercise (id, name, userId, trainingId) VALUES (226, '9sVtrZxQNg', 9, 39);
INSERT INTO exercise (id, name, userId, trainingId) VALUES (227, 'X1M02bCKqh', 9, 39);
INSERT INTO exercise (id, name, userId, trainingId) VALUES (228, '2PE51lUzhi', 9, 39);
INSERT INTO exercise (id, name, userId, trainingId) VALUES (229, 'fHkJXUSXyJ', 9, 39);
INSERT INTO exercise (id, name, userId, trainingId) VALUES (230, 'BvesDZEs1U', 9, 39);
INSERT INTO exercise (id, name, userId, trainingId) VALUES (231, 'he5ntzaOeE', 9, 40);
INSERT INTO exercise (id, name, userId, trainingId) VALUES (232, 'cyzbV9k1Fc', 9, 40);
INSERT INTO exercise (id, name, userId, trainingId) VALUES (233, 'rZyBWjFELp', 9, 40);
INSERT INTO exercise (id, name, userId, trainingId) VALUES (234, '7Ovvzsuwy8', 9, 40);
INSERT INTO exercise (id, name, userId, trainingId) VALUES (235, '7NVcCX7wt3', 9, 40);
INSERT INTO exercise (id, name, userId, trainingId) VALUES (236, 'texgyOfl0C', 9, 41);
INSERT INTO exercise (id, name, userId, trainingId) VALUES (237, '4wCIQiRduz', 9, 41);
INSERT INTO exercise (id, name, userId, trainingId) VALUES (238, 'Ql5SBrij1P', 9, 41);
INSERT INTO exercise (id, name, userId, trainingId) VALUES (239, 'zY86b1cq03', 9, 41);
INSERT INTO exercise (id, name, userId, trainingId) VALUES (240, 'sp9LsbcUJn', 9, 41);
INSERT INTO exercise (id, name, userId, trainingId) VALUES (241, 'S4ZQnhN2xO', 9, 42);
INSERT INTO exercise (id, name, userId, trainingId) VALUES (242, 'l5mW6OjoaY', 9, 42);
INSERT INTO exercise (id, name, userId, trainingId) VALUES (243, 'BFb7ZBWAYa', 9, 42);
INSERT INTO exercise (id, name, userId, trainingId) VALUES (244, 'KEAsArsVEi', 9, 42);
INSERT INTO exercise (id, name, userId, trainingId) VALUES (245, 'rXW2NenAnF', 9, 42);
INSERT INTO exercise (id, name, userId, trainingId) VALUES (246, 'gy8TO4iRso', 9, 50);
INSERT INTO exercise (id, name, userId, trainingId) VALUES (247, 'dSMpr7tGJC', 9, 50);
INSERT INTO exercise (id, name, userId, trainingId) VALUES (248, 'mkuiql0aNj', 9, 50);
INSERT INTO exercise (id, name, userId, trainingId) VALUES (249, 'G82cObfMjY', 9, 50);
INSERT INTO exercise (id, name, userId, trainingId) VALUES (250, '2pwyQjTPM0', 9, 50);
INSERT INTO training (id, name, week, userId) VALUES (51, 'nk5pWpm3MC', 9, 8);
INSERT INTO training (id, name, week, userId) VALUES (52, 'K8Oi0eabRP', 9, 8);
INSERT INTO training (id, name, week, userId) VALUES (53, 'VeWNKrWj7z', 9, 8);
INSERT INTO training (id, name, week, userId) VALUES (54, 'LuMo1DNFh8', 9, 8);
INSERT INTO training (id, name, week, userId) VALUES (55, '13d4zGNfVY', 9, 8);
INSERT INTO exercise (id, name, userId, trainingId) VALUES (251, '58diTF9qFA', 8, 51);
INSERT INTO exercise (id, name, userId, trainingId) VALUES (252, 'pPiECz4Ert', 8, 55);
INSERT INTO exercise (id, name, userId, trainingId) VALUES (253, 'DFSv8q0DkH', 8, 51);
INSERT INTO exercise (id, name, userId, trainingId) VALUES (254, 'OC07xOCNar', 8, 55);
INSERT INTO exercise (id, name, userId, trainingId) VALUES (255, 'El7Z7UQaiU', 8, 51);
INSERT INTO exercise (id, name, userId, trainingId) VALUES (256, 'NVjNY4j9op', 8, 55);
INSERT INTO exercise (id, name, userId, trainingId) VALUES (257, 'KKHXHoaMqq', 8, 51);
INSERT INTO exercise (id, name, userId, trainingId) VALUES (258, '1lEOi2hLSa', 8, 55);
INSERT INTO exercise (id, name, userId, trainingId) VALUES (259, 'CqN34Ew5Lo', 8, 51);
INSERT INTO exercise (id, name, userId, trainingId) VALUES (260, 'GlEC4LCF3j', 8, 55);
INSERT INTO exercise (id, name, userId, trainingId) VALUES (261, 'uCg3V2k92B', 8, 52);
INSERT INTO exercise (id, name, userId, trainingId) VALUES (262, 'GSqu9XDkIT', 8, 54);
INSERT INTO exercise (id, name, userId, trainingId) VALUES (263, 'sxrpDqD1lu', 8, 52);
INSERT INTO exercise (id, name, userId, trainingId) VALUES (264, 'S6qzdBRkJI', 8, 54);
INSERT INTO exercise (id, name, userId, trainingId) VALUES (265, 'AN8Hvnb9qH', 8, 52);
INSERT INTO exercise (id, name, userId, trainingId) VALUES (266, 'z14xDeRA62', 8, 54);
INSERT INTO exercise (id, name, userId, trainingId) VALUES (267, '676HCiW4rS', 8, 52);
INSERT INTO exercise (id, name, userId, trainingId) VALUES (268, 'l5k5QXXxM4', 8, 54);
INSERT INTO exercise (id, name, userId, trainingId) VALUES (269, 'NHXHCkFP5F', 8, 52);
INSERT INTO exercise (id, name, userId, trainingId) VALUES (270, '4Z0w6PJ6U8', 8, 54);
INSERT INTO exercise (id, name, userId, trainingId) VALUES (271, 'shYqtVEoeR', 8, 53);
INSERT INTO exercise (id, name, userId, trainingId) VALUES (272, 'ElN4Hzjqng', 8, 53);
INSERT INTO exercise (id, name, userId, trainingId) VALUES (273, 'ZuGYnXjA8i', 8, 53);
INSERT INTO exercise (id, name, userId, trainingId) VALUES (274, 'CI15B0xC5D', 8, 53);
INSERT INTO exercise (id, name, userId, trainingId) VALUES (275, '2UkhCnZjAV', 8, 53);
