INSERT INTO quality (id, description) VALUES (4, 'PLATINUM');
INSERT INTO quality (id, description) VALUES (3, 'GOLD');
INSERT INTO quality (id, description) VALUES (2, 'SILVER');
INSERT INTO quality (id, description) VALUES (1, 'BRONZE');
INSERT INTO customer (id, name, email, country, gender, age, quality) VALUES (1, 'Florance Ullrich', 'UQhWS4BOXs@email.com', 'Serbia', 1, 0, 4);
INSERT INTO customer (id, name, email, country, gender, age, quality) VALUES (2, 'Rochelle Purdy', 'Z00NbRQwI0@email.com', 'Croatia', 1, 1, 1);
INSERT INTO customer (id, name, email, country, gender, age, quality) VALUES (3, 'Britni Cormier', 'SRVxjmprHU@email.com', 'Guyana', 2, 0, 3);
INSERT INTO customer (id, name, email, country, gender, age, quality) VALUES (4, 'Janey Hilll', 'ZajELqUyTi@email.com', 'Malaysia', 2, 0, 1);
INSERT INTO customer (id, name, email, country, gender, age, quality) VALUES (5, 'Vicki Beer', '4SmmHwgmlY@email.com', 'Micronesia', 1, 0, 3);
INSERT INTO customer (id, name, email, country, gender, age, quality) VALUES (6, 'Rowan Crist', '41wPNvvEsB@email.com', 'Singapore', 3, 0, 1);
INSERT INTO customer (id, name, email, country, gender, age, quality) VALUES (7, 'Twila Langworth', 'DVPV5T81WS@email.com', 'Vanuatu', 2, 1, 2);
INSERT INTO customer (id, name, email, country, gender, age, quality) VALUES (8, 'Kelcie Runolfsdottir', 'l7GA5gpdSI@email.com', 'Czech Republic', 2, 0, 3);
INSERT INTO customer (id, name, email, country, gender, age, quality) VALUES (9, 'Amiah Klein', '482Ux5Klzz@email.com', 'Malta', 3, 0, 4);
INSERT INTO customer (id, name, email, country, gender, age, quality) VALUES (10, 'Joyce Mayer', 'qnI1FqNxZ5@email.com', 'Colombia', 1, 1, 4);
INSERT INTO purchase_order (id, product, unit_price, quantity, custId, date) VALUES (1, 833, 54, 2, 10, 1523816776565);
INSERT INTO purchase_order (id, product, unit_price, quantity, custId, date) VALUES (2, 976, 4, 2, 1, 1523816776565);
INSERT INTO purchase_order (id, product, unit_price, quantity, custId, date) VALUES (3, 49, 49, 1, 1, 1523816776567);
INSERT INTO purchase_order (id, product, unit_price, quantity, custId, date) VALUES (4, 480, 64, 1, 10, 1523816776567);
INSERT INTO purchase_order (id, product, unit_price, quantity, custId, date) VALUES (5, 842, 37, 2, 2, 1523816776568);
INSERT INTO purchase_order (id, product, unit_price, quantity, custId, date) VALUES (6, 584, 6, 2, 9, 1523816776568);
INSERT INTO purchase_order (id, product, unit_price, quantity, custId, date) VALUES (7, 802, 74, 2, 2, 1523816776570);
INSERT INTO purchase_order (id, product, unit_price, quantity, custId, date) VALUES (8, 335, 2, 2, 9, 1523816776571);
INSERT INTO purchase_order (id, product, unit_price, quantity, custId, date) VALUES (9, 586, 33, 2, 3, 1523816776571);
INSERT INTO purchase_order (id, product, unit_price, quantity, custId, date) VALUES (10, 512, 13, 2, 8, 1523816776572);
INSERT INTO purchase_order (id, product, unit_price, quantity, custId, date) VALUES (11, 110, 36, 1, 3, 1523816776572);
INSERT INTO purchase_order (id, product, unit_price, quantity, custId, date) VALUES (13, 159, 11, 2, 4, 1523816776574);
INSERT INTO purchase_order (id, product, unit_price, quantity, custId, date) VALUES (12, 209, 34, 2, 8, 1523816776575);
INSERT INTO purchase_order (id, product, unit_price, quantity, custId, date) VALUES (14, 989, 52, 1, 4, 1523816776575);
INSERT INTO purchase_order (id, product, unit_price, quantity, custId, date) VALUES (16, 874, 21, 2, 5, 1523816776576);
INSERT INTO purchase_order (id, product, unit_price, quantity, custId, date) VALUES (17, 479, 27, 1, 5, 1523816776579);
INSERT INTO purchase_order (id, product, unit_price, quantity, custId, date) VALUES (15, 333, 37, 1, 7, 1523816776579);
INSERT INTO purchase_order (id, product, unit_price, quantity, custId, date) VALUES (19, 866, 62, 1, 7, 1523816776583);
INSERT INTO purchase_order (id, product, unit_price, quantity, custId, date) VALUES (18, 557, 23, 2, 6, 1523816776580);
INSERT INTO purchase_order (id, product, unit_price, quantity, custId, date) VALUES (20, 894, 13, 2, 6, 1523816776589);
