INSERT INTO quality (id, description) VALUES (4, 'PLATINUM');
INSERT INTO quality (id, description) VALUES (3, 'GOLD');
INSERT INTO quality (id, description) VALUES (2, 'SILVER');
INSERT INTO quality (id, description) VALUES (1, 'BRONZE');
INSERT INTO customer (id, name, email, country, gender, age, quality) VALUES (1, 'Claribel Douglas', 'FVADSddpqK@email.com', 'Ecuador', 3, 0, 4);
INSERT INTO customer (id, name, email, country, gender, age, quality) VALUES (2, 'Albina Schowalter', 'Ywn059aouc@email.com', 'Bulgaria', 3, 1, 3);
INSERT INTO customer (id, name, email, country, gender, age, quality) VALUES (3, 'Keeley Rowe', 'hLtYcit5XH@email.com', 'Korea, South', 3, 0, 1);
INSERT INTO customer (id, name, email, country, gender, age, quality) VALUES (4, 'Helen Cole', '6oQrFAPFJU@email.com', 'Togo', 2, 0, 4);
INSERT INTO customer (id, name, email, country, gender, age, quality) VALUES (5, 'Dominique Stiedemann', '8Ta8vqAMsU@email.com', 'South Sudan', 2, 0, 2);
INSERT INTO customer (id, name, email, country, gender, age, quality) VALUES (6, 'Marietta Klein', 'sEkpPMSWJT@email.com', 'San Marino', 3, 1, 4);
INSERT INTO customer (id, name, email, country, gender, age, quality) VALUES (7, 'Myah Feil', 'Nr5HlsTI48@email.com', 'Korea, South', 3, 1, 2);
INSERT INTO customer (id, name, email, country, gender, age, quality) VALUES (8, 'Atha Bayer', 'vyvGVDu0Zr@email.com', 'Jordan', 1, 1, 3);
INSERT INTO customer (id, name, email, country, gender, age, quality) VALUES (9, 'Ivanna Steuber', 'vUFzpwuuzk@email.com', 'United Kingdom', 2, 1, 1);
INSERT INTO customer (id, name, email, country, gender, age, quality) VALUES (10, 'Jaylah Spinka', 'Q0vl0qHJDU@email.com', 'Belize', 3, 1, 4);
INSERT INTO purchase_order (id, product, unit_price, quantity, custId, date) VALUES (2, 20, 29, 2, 10, 1523818474541);
INSERT INTO purchase_order (id, product, unit_price, quantity, custId, date) VALUES (1, 256, 53, 2, 1, 1523818474541);
INSERT INTO purchase_order (id, product, unit_price, quantity, custId, date) VALUES (4, 260, 20, 1, 10, 1523818474542);
INSERT INTO purchase_order (id, product, unit_price, quantity, custId, date) VALUES (3, 585, 64, 1, 1, 1523818474542);
INSERT INTO purchase_order (id, product, unit_price, quantity, custId, date) VALUES (5, 707, 61, 1, 9, 1523818474543);
INSERT INTO purchase_order (id, product, unit_price, quantity, custId, date) VALUES (6, 734, 37, 1, 2, 1523818474543);
INSERT INTO purchase_order (id, product, unit_price, quantity, custId, date) VALUES (8, 835, 38, 1, 2, 1523818474545);
INSERT INTO purchase_order (id, product, unit_price, quantity, custId, date) VALUES (9, 624, 12, 2, 3, 1523818474546);
INSERT INTO purchase_order (id, product, unit_price, quantity, custId, date) VALUES (10, 397, 4, 2, 3, 1523818474547);
INSERT INTO purchase_order (id, product, unit_price, quantity, custId, date) VALUES (11, 768, 22, 2, 4, 1523818474547);
INSERT INTO purchase_order (id, product, unit_price, quantity, custId, date) VALUES (12, 622, 61, 1, 4, 1523818474548);
INSERT INTO purchase_order (id, product, unit_price, quantity, custId, date) VALUES (7, 459, 54, 1, 9, 1523818474549);
INSERT INTO purchase_order (id, product, unit_price, quantity, custId, date) VALUES (13, 468, 62, 1, 5, 1523818474550);
INSERT INTO purchase_order (id, product, unit_price, quantity, custId, date) VALUES (14, 68, 33, 2, 8, 1523818474551);
INSERT INTO purchase_order (id, product, unit_price, quantity, custId, date) VALUES (15, 980, 27, 2, 5, 1523818474551);
INSERT INTO purchase_order (id, product, unit_price, quantity, custId, date) VALUES (17, 564, 10, 2, 6, 1523818474553);
INSERT INTO purchase_order (id, product, unit_price, quantity, custId, date) VALUES (18, 765, 52, 1, 6, 1523818474554);
INSERT INTO purchase_order (id, product, unit_price, quantity, custId, date) VALUES (16, 573, 34, 1, 8, 1523818474555);
INSERT INTO purchase_order (id, product, unit_price, quantity, custId, date) VALUES (19, 43, 65, 1, 7, 1523818474556);
INSERT INTO purchase_order (id, product, unit_price, quantity, custId, date) VALUES (20, 730, 30, 2, 7, 1523818474557);
